ID,DATE,PERSON,LOCATION,NUMBER,TIME,ORGANIZATION,MISC,DURATION,SET,ORDINAL,MONEY,PERCENT
22538938,,"['Ingalls', 'Woods', 'Charles', 'Mr.', 'Edwards']","['West', 'Indian', 'Country']",,,,['Indians'],"['a', 'year']",,['first'],,
25928203,['Once'],,,,,,,,,,,
10301454,"['1950', '1971']","['Sutherland', 'Fonda', 'Sutherland']",,,,"['PBY', 'Catalina']",['Fonda-Sutherland'],,,,,
29586711,"['now', 'once', 'now', 'once']","['Alec', 'Brooke', 'Alec', 'Joe', 'Moore', 'Cameron', 'Mitchell', 'Nancy', 'Fraser', 'Thad', 'Vail', 'Thomas', 'Mitchell', 'Alec', 'Alec', 'Alec', 'Joe', 'Alec', 'High', 'Barbaree', 'Alec', 'Nancy', 'Alec']","['Hawaii', 'Tokyo', 'Pacific', 'High', 'Barbaree']","['one', 'two', 'years']",,"['U.S.', 'Navy', 'PBY', 'Catalina', 'Navy', 'Case', 'Aviation']","['World', 'War', 'II', 'Japanese', 'Wizard', 'of', 'Oz', 'Japanese']","['the', 'first', 'two']",,,,
14711494,"['Almost', 'twenty', 'years', 'later']","['Jake', 'Lee', 'Tex', 'Clarke', 'Dizzy', 'Davis', 'Jake', 'Tex', 'Jake', 'Jake', 'Jake', 'Tommy', ""'"", 'Thomas', 'Tex', 'Tex', 'Tex', 'Tex', 'Lou', 'Jake', 'Jake']","['Newark', 'New', 'Jersey', 'New', 'York', 'Cincinnati', 'Ohio', 'New', 'Jersey', 'Newark']","['one', 'year', 'zero', 'one']","['the', 'evening', 'the', 'night']","['Army', 'Federal', 'Airlines']","['New', 'York-based']","['19', 'old']",,,,
68501,"['the', 'twentieth', 'century']","['John', 'McCabe', 'Harrison', 'Shaughnessy', 'McCabe', 'Shaughnessy', 'McCabe', 'Mrs.', 'Miller']","['Presbyterian', 'Church', 'northwest', 'United', 'States']",,,,,,,,,
15048916,['Now'],"['Jim', 'Dunlap', 'Jim', 'Fran', 'Harper', 'Tony', 'Tony', 'Mort', 'Holmes', 'Jim', 'Tony', 'Tony', 'Tony', 'Jud', 'Bee', 'McCrae', 'Fran', 'Jim', 'Tony', 'Jim', 'Tony', 'Jim']",,,,,,,,,,
16898172,"['now', 'once', 'Once', 'now', 'now', 'Minutes', 'later']","['John', 'Witter', 'Pinky', 'Dobson', 'Buford', 'Lloyd', 'Tatum', 'John', 'Witter', 'Buford', 'Witter', 'Pusser', 'Buford', 'Grady', 'Udell', 'Robby', 'Robby', 'Grady', 'O.Q.', 'Buford', 'Robby', 'Luan', 'Paxton', 'Buford', 'Luan', 'Buford', 'Carl', 'Buford', 'Carl', 'Buford', 'Buford', 'Buford', 'O.J.', 'Teal', 'Buford', 'Clegg', 'Clegg', 'Buford', 'Sheriff', 'Clegg', 'Buford', 'Buford', 'John', 'Witter', 'Witter', 'Pusser', 'Pusser', 'Luan', 'Bulow', 'Buford', 'Bulow', 'Luan', 'Witter', 'Buford', 'Buford', 'Clegg', 'Buford', 'Lloyd', 'Buford', 'Buford', 'Luan', 'Milo', 'Buford', 'Buford', 'Buford', 'John', 'Witter', 'Pusser', 'Buford', 'Joan', 'Buford', 'Lloyd', 'Carl', 'Buford', 'Buford', 'Dwana', 'Mel', 'Bascum', 'Buford', 'Lloyd', 'Buford', 'Buford', 'Joan', 'Buford', 'Buford', 'Johnny', 'Buford', 'Dwana', 'Buford', 'Witter', 'Dwana', 'Buford', 'Pusser']","['Buford', 'New', 'York', 'McNairy', 'County', 'O.Q.', 'O.Q.', 'Hardin', 'County', 'Buford', 'Buford', 'Buford', 'French', 'Buford', 'McNairy', 'County', 'O.Q.', 'Teal', 'Buford', 'Buford', 'Buford', 'Buford', 'Hollywood', 'Buford']","['3', 'One', '3', '3', '3', '3', 'years', 'one', 'one', '3']","['morning', 'night', 'the', 'evening']","['Tennessee', 'Bureau', 'of', 'Investigation', 'Lloyd', 'Buford', 'TBI', 'O.Q.', 'Teal', 'Buford', 'Buford', 'O.Q.', 'Lloyd', 'Buford', 'Buford', 'Buford', 'O.Q.', 'Buford', 'Buford', 'Buford']","['Buford', 'French', 'French', 'Buford', 'French', 'French', 'Bufords', 'French', 'French', 'Bufords']","['One', 'year', 'day', 'day', 'the', 'next', 'day', '2']",,,,"['25', '%']"
29586434,,['Mickey'],,,,,,,,,,
2212695,,"['Alice', 'William', 'Alice', 'Carroll']",['Wonderland'],,,,,,,,,
2259030,,"['James', 'Parker', 'Harry', 'Holt', 'Neil', 'Hamilton', 'Parker', 'Jane', 'Holt', 'Jane', 'Jane', 'Jane', 'Tchaikovsky', 'Jane', 'Cheeta']","['Africa', 'London']",,,,,,,['first'],,
8960715,,"['Brian', 'Brian', 'Brian', 'Brian', 'Brian']",['Canada'],,,,,,,,,
74904,,"['Marky', 'Sorrowful', 'Jones', 'Steve', 'Marky']",,['one'],,,,,,,,
5649004,,"['Rufus', 'Jones', 'Sammy', 'Davis']",,,,['USA'],"['African', 'American']",['seven-year-old'],,,,
31508751,,"['Jesse', 'Chloe']",,,,,,,,,,
3148613,"['once', 'Now']","['Zoltan', 'Zoltan', 'Nalder', 'Zoltan', 'Dracula', 'Dracula', 'Michael', 'Drake', 'Michael', 'Pataki', 'Dracula', 'Zoltan', 'Michael', 'Zoltan', 'Zoltan']","['Russian', 'Russia', 'United', 'States', 'California']","['one', 'one', 'years', 'one', 'two']","['the', 'night']",,,['200'],,,,
10249232,,"['Winnie', 'Lightner', 'Joe', 'E.', 'Brown', 'Brown', 'JoJo', 'JoJo', 'Paul', 'Gregory', 'Claudia', 'Dell', 'Gregory', 'Gregory', 'Gregory', 'Gregory', 'Lightner', 'Brown']",,['one'],,"['Dell', 'Dell', 'Dell']",,,,,,
25036694,"['the', '1930s']",,['Utah'],,,,,,,,,
195776,,"['Nate', 'Adams', 'Eddie', 'Carl', 'Lee', 'Eddie', 'Eddie', 'Eddie', 'Eddie', 'Eddie', 'Eddie', 'Nate', 'Nate', 'Eddie', 'Eddie', 'Eddie', 'Eddie', 'Eddie', 'Eddie', 'Royce', 'Eddie', 'Eddie', 'Eddie', 'Eddie', 'Reardon', 'Reardon', 'Reardon', 'Reardon', 'Reardon']","['New', 'York', 'City', 'Harlem', 'New', 'Jersey', 'Georgia', 'Harlem', 'Georgia', 'New', 'York', 'Harlem', 'Cynthia', 'Georgia', 'Georgia']","['one', 'two', 'one', 'one', 'score', 'months', 'one', 'score', 'two', '30', '30', 'three', 'one', '50', 'one', 'one', 'three', 'two']","['morning', 'Later', 'that', 'night', 'evening', 'night', 'Later', 'that', 'night']","['Fat', 'Freddie', 'Priest', 'Cadillac', 'Eldorado']","['Freddie', 'Freddie', 'Freddie', '`', 'The', 'Man']","['four', 'The', 'following', 'day', 'a', 'month']",,,"['one', 'million', 'dollars', '$', '10,000', '$', '20,000']",
12674456,"['Now', 'now']","['Bob', 'Valdez', 'Frank', 'Tanner', 'R.L.', 'Davis', 'Valdez', 'Tanner', 'Tanner', 'El', 'Segundo', 'Valdez', 'Davis', 'Diego', 'Tanner', 'Valdez', 'Tanner', 'Tanner', 'Erin', 'Tanner', 'Valdez', 'Tanner', 'Davis', 'Tanner', 'Valdez', 'Gay', 'Erin', 'Tanner', 'Tanner', 'Tanner', 'R.L.', 'Davis', 'El', 'Segundo', 'Tanner', 'Tanner', 'Valdez']","['Valdez', 'Sharps']","['two', 'one', 'one', 'two']",,,"['Indian', 'Indian']",,,,"['$', '200', '$', '100', '$', '100']",
26315574,,"['Madec', 'Ben', 'Madec', 'Ben', 'Ben', 'Madec', 'Madec', 'Ben', 'Madec', 'Ben', 'Madec', 'Ben', 'Ben', 'Ben', 'Madec', 'Ben', 'Madec', 'Ben', 'Madec']","['Los', 'Angeles', 'Mojave', 'Desert']","['70', 'two', 'two', 'forty', 'five']",,"['Winchester', 'Model']",,['hours'],,,,
17603695,['Once'],,,['two'],,,"['African', 'American']",,,,,
2066412,,,"['Alcatraz', 'San', 'Francisco', 'Vancouver', 'Tucson']",,,,,,,,,
22448229,"['the', 'weekend']","['Fredrik', 'Egerman', 'Anne', 'Anne', 'Fredrik', 'Desir', 'Desir', 'Fredrik', 'Count', 'Carl-Magnus', 'Mittelheim', 'Carl-Magnus']",['Charlotte'],,"['the', 'night']",,['Egermans'],"['18-year-old', 'eleven', 'months']",,['third'],,
14569569,,,,['two'],,,,,,,,
4213172,,"['Dirtwater', 'Fox']","['Salt', 'Lake', 'City', 'Utah']",,,,['Mormons'],,,,,
18704092,,"['Gene', 'Washington', 'Robert', 'Howard', 'Black', 'Six']",['Washington'],"['Six', '|']",,,"['African', 'American', 'Vietnam', 'War']",,,,,
15672797,"['years', 'ago', 'years', 'ago']","['Pauline', 'Hargraves', 'Hargraves', 'Willie', 'Dodge', 'Hargraves', 'Confu', 'Dr.', 'Bashan', 'Fang', 'Hargraves', 'Dr.', 'Hargraves', 'Fang', 'Pauline', 'Fang', 'Robert', 'Warde', 'Pauline', 'Warde', 'Pauline', 'Dr.', 'Bashan', 'Pauline', 'Warde', 'Bashan', 'Pauling', 'Hargraves', 'Pauline', 'Dr.', 'Bashan', 'Dr.', 'Bashan', 'Fang', 'Pauline', 'Pauline', 'Warde', 'Tim', 'Sullivan', 'Warde', 'Dr.', 'Bashan', 'Warde', 'Pauline', 'Warde', 'Dr.', 'Bashan', 'Pauline', 'Sullivan', 'Pauline', 'Dr.', 'Bashan', 'Pauline', 'Hargraves', 'Pauline', 'Warde', 'Sullivan', 'Pauline', 'Pauline', 'Dr.', 'Hargraves', 'Goode', 'Bashan', 'Pauline', 'Warde', 'Pauline', 'Pauline', 'Warde', 'Bashan', 'Pauline', 'Warde', 'Pauline', 'Warde', 'Thompson', 'Hargraves', 'Thompson', 'Pauline', 'Warde', 'Pauline', 'Willie', 'Dodge', 'Hargraves', 'Pauline', 'Warde', 'Fang', 'Pauline', 'Hargraves', 'Thompson', 'Hargraves', 'Fang', 'Hargraves', 'Thompson', 'Fang', 'Thompson', 'Pauline', 'Hargraves', 'Warde', 'Thompson', 'Hargraves', 'Hargraves', 'Thompson', 'Goode', 'Fang', 'Fang', 'Pauline', 'Warde', 'Pauline', 'Warde', 'Hargraves', 'Thompson', 'Pauline', 'Warde', 'Thompson', 'Thompson', 'Fang', 'Fang', 'Fang', 'Fang', 'Warde', 'Pauline', 'Pauline', 'Pauline']","['Asia', 'Asian', 'Hargraves', 'China', 'China', 'Tsai', 'Tsin', 'American', 'Bashan', 'Sarawak', 'Bashan', 'Bashan', 'Hargraves', 'Sarawak', 'Bashan', 'Bashan', 'Hargraves', 'Imu-Anh', 'Singapore', 'Bashan', 'Warde', 'Benares', 'Egypt', 'New', 'York', 'City', 'Bashan', 'Bashan', 'New', 'York', 'City', 'New', 'York', 'City', 'Bashan', 'Bashan', 'Bashan', 'Bashan', 'Bashan', 'Bashan', 'Hargraves', 'Bashan', 'Bashan', 'Bashan', 'China']","['One', 'two', 'and', 'one', '12']","['night', 'night', 'The', 'Night', 'night', 'The', 'Night']","['Dodge', 'Dodge', 'Hargraves', 'Dodge', 'Hargraves', 'party', 'Confu']","['Egyptian', 'Typhoon', 'of', 'Terror', 'Typhoon', 'of', 'Terror', 'Egyptian', 'Egyptian']","['the', 'next', 'day', 'The', 'next', 'day']",,"['second', 'second', 'first']",,
30684592,,"['Sy', 'Sy']","['Los', 'Angeles', 'Hollywood']",,"['Dawn', 'Dawn', 'Dawn']","['New', 'York', 'Times']",,,,,,
26743188,['now'],"['Tyrone', 'Tackett', 'Tyrone', 'Rochelle', 'Tackett', 'Tyrone', 'Tyrone', 'Tyrone', 'Sherwood', 'Epps', 'Sam', 'Law', 'Sherwood', 'Tyrone', 'Tyrone', 'Tyrone', 'Tyrone', 'Tyrone', 'Rochelle', 'Tackett', 'Tyrone', 'Tyrone']","['Southern', 'California', 'Oakland']",['two'],,"['Rochelle', 'Rochelle']","['Candy', 'All']","['the', 'following', 'day']",,,,
5501312,,['Harley'],,['one'],,,,,,,,
60155,"['the', '1890s', 'once']","['Lou', 'Gus', 'Jordan', 'Lou', 'Gus', 'Gus', 'Rita', 'Sergei', 'Stanieff', 'Gus', 'Lou', 'Dan', 'Flynn', 'Lou', 'Gus', 'Gus', 'Lou', 'Cummings', 'Gus', 'Cummings', 'Lou', 'Chick', 'Clark', 'Chick', 'Gus', 'Rita', 'Sergei', 'Lou', 'Lou', 'Sergei', 'Lou', 'Rita', 'Rita', 'Lou', 'Lou', 'Rita', 'Chick', 'Clark', 'Spider', 'Lou', 'Rita', 'Chick', 'Frankie', 'Dan', 'Flynn', 'Dan', 'Cummings', 'Gus', 'Sergei', 'Lou', 'Lou', 'Cummings', 'Cummings', 'Lou', 'Lou']","['New', 'York', 'San', 'Francisco']","['two', 'One']",,"['Spider', 'Chick']",,,,,,
1412382,,"['Brooke', 'Carter', 'Johnny', 'Spanish', 'Michael', 'O.', 'Pritchard', 'Kitty', ""O'Kelly"", 'Brooke', 'Brooke', 'Elizabeth', 'Rodney', 'James', 'Brooke', 'Michael', 'Johnny', 'Kitty', 'Johnny', 'Brooke', 'Michael', 'Elizabeth', 'Rodney']",,['four'],,['Michael'],,,,,,
22278175,,"['Fay', 'Cheyney', 'Mrs.', 'Webley', 'Charles', 'Arthur', 'Dilling', 'Mrs.', 'Webley', 'Fay', 'Arthur', 'Elton', 'Fay']",['Australian'],,,"['Monte', 'Carlo', 'Webley']",,,,,,
7999803,,"['Charlie', 'Riggs', 'Howard', 'Malloy', 'Riggs', 'Malloy', 'Malloy', 'Angel', 'Malloy', 'Malloy', 'Malloy']",,,['night'],,"['Crusaders', 'Crusaders', 'Crusaders']",,,,,
2773890,,"['Jack', 'Wrather', 'Bonita', 'Granville']",,"['two', 'One', 'Two']",,['IMDb'],,,,,,
27283528,['now'],"['Baron', 'Von', 'Burgen', 'Albert', 'Anna', 'Karl', 'Schneider', 'John', 'Gilbert', 'Countess', 'De', 'Marnac', 'Albert', 'Anna', 'Karl', 'baroness', 'Eloise', 'Eloise', 'Eloise', 'Albert', 'Albert', 'Anna', 'Albert', 'Sophie', 'Sophie', 'Eloise', 'Anna', 'Sophie', 'Eloise', 'Anna', 'Karl', 'Anna', 'Baron', 'Albert', 'Anna', 'Eloise', 'Baron', 'Albert', 'Albert', 'Anna', 'Anna', 'Anna', 'Albert', 'Anna', 'Anna', 'Albert', 'Eloise', 'Eloise', 'Albert', 'Albert', 'Sophie', 'Karl', 'Sophie', 'Anna', 'Anna', 'Albert', 'Albert', 'Baron', 'Baron', 'Albert', 'Karl', 'Anna', 'Albert']",['Vienna'],"['one', 'two', 'one', 'one']","['night', 'the', 'night', 'the', 'night', 'night', 'morning']",,"['Austrian', 'Karl', 'Karl', 'Karl']","['One', 'day', 'The', 'next', 'day', 'minute']",,,,
1482779,,"['Karen', 'Wright', 'Martha', 'Dobie', 'Karen', 'Amelia', 'Tilford', 'Mary', 'Karen', 'Joe', 'Cardin', 'Martha', 'Martha', 'Lily', 'Mortar', 'Joe', 'Martha', 'Karen', 'Lily', 'Martha', 'Lily', 'Joe', 'Martha', 'Rosalie', 'Wells', 'Mary', 'Rosalie', 'Martha', 'Mary', 'Martha', 'Lily', 'Martha', 'Joe', 'Rosalie', 'Mrs.', 'Tilford', 'Martha', 'Karen', 'Mrs.', 'Tilford', 'Rosalie', 'Martha', 'Karen', 'sue', 'Mrs.', 'Tilford', 'Lily', 'Joe', 'Karen', 'Joe', 'Mary', 'Martha', 'Karen', 'Joe', 'Martha', 'Lily', 'Martha', 'Rosalie', 'Mrs.', 'Tilford', 'Martha', 'Martha', 'Karen', 'Joe']",['Massachusetts'],"['One', 'one', 'three']",['evening'],,,,,,,
23257408,,"['Steve', 'Murtaugh']","['Chicago', 'Portland', 'Oregon']",,,,,,,,,
15590234,,"['David', 'Kessler']","['Beverly', 'Hills', 'High', 'Vietnam']",,,,,,,,,
34269763,,"['Lalu', 'Jim', 'Jim', 'Hong', 'King', 'Lalu', 'Charlie', 'Bemis', 'Polly', 'Lalu', 'Charlie', 'Polly', 'Charlie', 'Charlie', 'Polly', 'Charlie']","['California', 'Chinese', 'Hong', 'King', 'Idaho', 'Idaho', 'Hong', 'King', 'China', 'Hong', 'King', 'Caucasian', 'Hong', 'King', 'Hong', 'King', 'Hong', 'King', 'Chinese', 'China']","['two', 'thousand', 'one']",['night'],,"['Chinese', 'American', 'Old', 'West', 'Civil', 'War', 'Chinese', 'Chinese']",['quarters'],,,,
14433451,,"['Jimmy', 'Mason', 'Emma', 'Uncle', 'Henry', 'Matt', 'Kelly', 'Kelly', 'Shorty', 'Jimmy', 'Kelly', 'Kelly', 'Peggy', 'Gardner', 'Peggy', 'Frank', 'Gebhardt', 'Jimmy', 'at', 'Gebhardt', 'Kelly']",,"['one', 'years']",,,,['three'],,,,
14576560,"['fall', 'fall']","['Sam', 'Dodsworth', 'Sam', 'Sam', 'Sam', 'Sam', 'Edith', 'Cortright', 'Mary', 'Sam', 'Sam', 'Edith']","['Europe', 'Europe', 'Italy', 'Europe', 'America']",['two'],,"['Dodsworth', 'Motor', 'Company']",,,,['first'],,
23691144,,"['Roy', 'Roy', 'Lee', 'Madison', 'Roy', 'Lee', 'Lee', 'Lionel', 'Bates', 'George', 'Wallingford', 'Lancaster', 'Roy', 'Cookie', 'Bullfincher']","['Mexico', 'United', 'States', 'American', 'Mexico', 'England', 'Scotland']",['one'],,,"['Mexican', 'American', 'Western', 'English']",,,,,
21019986,"['January', '22', ',', '1974']","['Stanley', 'John', 'Daisy', 'Stanley', 'Ionesco']",,,,"['New', 'York', 'Times']",,,,,,
26070363,,"['Hesther', 'Prynne']",,,,,,,,,,
16781552,"['June', '1880']","['Hubbard', 'Marcus', 'Hubbard', 'Benjamin', 'Oscar', 'Laurette', 'Sincee', 'Birdie', 'Bagtry', 'Benjamin', 'Regina', 'John', 'Bagtry', 'Marcus', 'Lavinia']","['Bowden', 'Alabama', 'Greek', 'Chicago']","['one', 'one']",,"['Ku', 'Klux', 'Klan']","['Southerners', 'American', 'Civil', 'War']",['days'],,,,
19819441,"['the', 'late', '1960s', 'the', 'future']","['Jack', 'Daniels', 'Stoker', 'Charlie', 'Slade', 'Robert', 'Seymour']",,"['two', 'one', 'two']",,,,,,,,
12898551,['winter'],,,,,"['Robinsons', 'Robinsons']",,,,,,
28873034,"['1925', 'Ten', 'years', 'later', '1000', 'now']","['Clarissa', 'Phelps', 'Randolph', 'Courtney', 'Courtney', 'Richard', 'Richard', 'Courtney', 'Richard', 'Clarissa', 'Richard', 'Courtney', 'Emily', 'Judson', 'Richard', 'Clarissa', 'Courtney', 'Richard', 'Julia', 'Trent', 'Anders', 'Richard', 'Paul', 'Pauline', 'Richard', 'Pauline', 'Leo', 'Cartwright', 'Pauline', 'Emily', 'Julia', 'Elroyd', 'Joyce', 'Joyce', 'Julia', 'Clarissa', 'Richard', 'Courtney', 'Clarissa', 'Richard', 'Emily', 'Richard', 'Pauline']","['London', 'Richard']",,,,,,,['twenty-first'],,
9336287,,,,,,,,,,,,
12781074,"['now', 'now']","['Stella', 'Dr.', 'Steve', 'Dallas', 'Jenny', 'Ed', 'Munn', 'Stella', 'Jenny', 'Stella', 'Jenny', 'Stella', 'Ed', 'Munn', 'Jenny', 'Stella']",['Stella'],"['years', 'minutes']",,,,"['4', 'old', 'the', 'last', '10']",,['first'],,
2998375,"['the', '1840s']","['Don', 'Diego', 'de', 'la', 'Vega', 'Don', 'Luis', 'Quintero', 'Diego', 'Esteban', 'Diego']","['Spain', 'California']",,,,,,,,,
2134118,,"['Louis', 'Wolheim', 'Robert', 'Armstrong', 'Jean', 'Arthur', 'Arthur', 'Wolheim', 'Armstrong']","['Miles', 'City', 'Montana', 'Montana', 'Chicago']","['One', 'two', 'two']",,,,,,,,
15836095,"['1935', 'once', 'once']","['Michael', 'Barrows', 'Barrows', 'Barrows', 'H.', 'J.', 'Anslinger', 'Lum', 'Chi', 'Chow', 'Lum', 'Chi', 'Chow', 'Nicholas', 'Sokim', 'Barrows', 'Ann', 'Grant', 'Shu', 'Pan', 'Wu', 'Sokim', 'Barrows', 'Lionel', 'Hadley', 'Lariesier', 'Binda', 'Sha', 'Barrows', 'Ann', 'Grant', 'Binda', 'Sha', 'Barrows', 'Ann', 'Grant', 'Shu', 'Pan', 'Wu', 'Barrows', 'Barrows', 'Ann', 'Shu', 'Pan', 'Wu', 'Shu', 'Pan', 'Wu', 'Barrows', 'Barrows', 'Shu', 'Pan', 'Wu']","['United', 'States', 'California', 'Earth', 'Shanghai', 'Egypt', 'Shanghai', 'United', 'States', 'Egypt', 'Beirut', 'New', 'York', 'Havana', 'New', 'York']","['hundred', '12']",,"['Coast', 'Guard', 'Sokim', 'Barrows', 'Coast', 'Guard']","['Chinese', 'Chinese', 'British', 'French']","['the', 'next', 'few', 'days', 'years']",,['first'],,
571311,,"['Karen', 'Fergusson', 'Alexia', 'Keogh', 'Kerry', 'Fox']","['New', 'Zealand']","['three', 'three']",,,,,,,,
34353005,,"['Oswald', 'Oswald', 'Oswald', 'Oswald', 'Oswald', 'Oswald', 'Oswald', 'Oswald', 'Oswald', 'Oswald', 'Oswald', 'Oswald', 'Oswald']",,"['two', 'one', 'one']",,,,,,['first'],,
1274418,"['once', 'currently']","['Tommy', 'Chong', 'Anthony', 'Chong', 'Anthony', 'Anthony', 'Pedro', 'de', 'Pacas', 'Chong', 'Pedro', 'Strawberry', 'Strawberry', 'Strawberry', 'Pedro', 'Pedro', 'Stedenko', 'Pedro', 'Anthony', 'Pedro', 'Gloria', 'Ay', 'Les', 'Voy']","['Maui', 'Tijuana', 'Tijuana', 'United', 'States', 'Mexico', 'Los', 'Angeles']","['two', 'one', 'one']",['sundown'],"['Volkswagen', 'Beetle', 'INS', 'INS', 'Gloria']","['Vietnam', 'War', 'Man']",,,,,
3133545,"['15-year-old', 'May']","['Nancy', 'Breyers', 'Michael', 'Bosworth', 'Nancy', 'Nancy', 'Wally', 'Albert', 'David', 'Morse', 'Nancy', 'Tim', 'Cornell', 'Nora', 'Cornell', 'Zack', 'Nora', 'Nora', 'Albert', 'Brenda', 'Chandler', 'Chandler', 'Albert', 'Wally', 'Nora', 'Tim', 'Tim']","['Utah', 'Vietnam']","['one', 'three', 'two', 'two']",['night'],"['Bosworth', 'Bosworth', 'Bosworth', 'Bosworth', 'Nancy', 'Bosworth', 'Nancy', 'Bosworth', 'Bosworth', 'FBI', 'Bosworth', 'Bosworth', 'FBI', 'FBI', 'Bosworth', 'Bosworth', 'FBI']",['Cornells'],['8-year-old'],,,,
3153784,"['summer', 'the', 'summer']","['Maggie', 'McKeown', 'Paul', 'Grogan', 'Maggie', 'Grogan', 'Grogan', 'Grogan', 'Maggie', 'Grogan', 'Jack', 'Robert', 'Hoak', 'Kevin', 'McCarthy', 'Hoak', 'Grogan', 'Hoak', 'Hoak', 'Grogan', 'Waxman', 'Bruce', 'Gordon', 'Dr.', 'Mengers', 'Grogan', 'Waxman', 'Waxman', 'Grogan', 'Waxman', 'Grogan', 'Maggie', 'Waxman', 'Grogan', 'Maggie', 'Grogan', 'Grogan', 'Maggie', 'Grogan', 'Maggie', 'Maggie', 'Grogan']","['Lost', 'River', 'Lake', 'North', 'Vietnamese', 'West', 'Coast']","['Two', 'two', '100']","['night', 'the', 'night']","['Razorteeth', 'Viet', 'Cong', 'The', 'School', 'Mengers', 'School', 'School', 'The', 'School']","['Vietnam', 'War', 'Razorteeth']",,,['first'],,
14232431,,"['Marvin', 'Blake', 'Lane', 'Norwood', 'Blake', 'Madge', 'Blake', 'Madge', 'Betty', 'Wright']","['Peckerwood', 'Norwood']",,,,,,,,,
26364940,,,,,,,,,,,,
4484593,"['Once', 'the', 'week']","['Clinton', 'Greene', 'Alice', 'Wood', 'Anthony', 'Christine', 'Tom', 'Parkman', 'Tom', 'Lee', 'Philip', 'Dexter', 'Lee', 'Clinton', 'Clinton', 'Sheila', 'Greene', 'Clinton', 'Sheila', 'Greene', 'Clinton', 'Clinton', 'Clinton', 'Clinton', 'Sheila', 'Clinton', 'Clinton', 'Clinton', 'Clinton']","['Mediterranean', 'Mediterranean']","['year', 'six', 'one', 'one', 'six', 'one']","['the', 'night', 'night', 'night', 'second', 'evening']",,,"['one-week', 'one']","['Each', 'night']","['first', 'second']",,
18097901,"['the', 'day']","['Phillipe', 'Martin', 'Yvonne', 'Monique', 'Pelerin', 'Monique', 'Alfredo', 'Donstelli', 'Erik', 'Rhodes', 'Phillip', 'Phillipe', 'Phillipe', 'Monique', 'Monique', 'Phillipe', 'Maillot', 'Monique', 'Yvonne', 'Phillipe', 'Phillipes', 'Monique', 'Crawford']","['Paris', 'Rod', 'Plot']","['days', '1:36401']",['afternoon'],"['Purity', 'League', 'Justice', 'TCM', 'Full']",['Frenchman'],['three'],,,,
153435,"['Now', 'now', 'years', 'ago']","['Tony', 'Evers', 'Drago', 'Tony', 'Tony', 'Adrian', 'Mickey', 'Goldmill', 'Robert', 'George', 'Washington', 'Duke', 'Adrian', 'Adrian', 'Paulie', 'Paulie', 'Drago', 'Mickey', 'Mickey', 'Robert', 'Adrian', 'Paulie', 'Tommy', 'Gunn', 'Tommy', 'Tommy', 'Robert', 'Tommy', 'Tommy', 'Tommy', 'Adrian', 'Tommy', 'Tommy', 'Robert', 'Tommy', 'Tommy', 'Tommy', 'Tommy', 'Tommy', 'Tommy', 'Paulie', 'Tommy', 'Tommy', 'Tommy', 'Rocky', 'Marciano']","['Rocky', 'Balboa', 'Soviet', 'Union', 'Tokyo', 'Philadelphia', 'Mickey', 'Oklahoma', 'Balboa', 'Balboa', 'Philadelphia', 'Museum', 'of', 'Art', 'Mickey', 'Philadelphia']",['one'],,"['Balboa', 'Duke', 'Union', 'Cane', 'Cane', 'Duke', 'Duke', 'Duke', 'Duke', 'Rocky', 'and', 'Robert']","['Apollo', 'Creed']","['The', 'next', 'day']",,['first'],"['#', '1']",
9647695,,"['Bob', 'Denton', 'Evelyn', 'Palmer']",['Arizona'],,,,,,,,,
74912,"['December', ',', '1938', 'December', '23', 'march']","['Andy', 'Hardy', 'Andy', 'Polly', 'Benedict', 'Polly', 'Andy', 'Andy', 'Judge', 'Hardy', 'Andy', 'Andy', 'Judge', 'Hardy', 'Andy', 'Judge', 'Hardy', 'Betsy', 'Booth', 'Betsy', 'Andy', 'Hardy', 'Betsy', 'Judge', 'Hardy', 'Emily', 'Emily', 'Andy', 'Hardy', 'Betsy', 'Andy', 'Beezy', 'Andy', 'Andy', 'Cynthia', 'Beezy', 'Beezy', 'Beezy', 'Andy', 'Andy', 'Andy', 'Cynthia', 'Cynthia', 'Andy', 'Betsy', 'Booth-only', 'Cynthia', 'Betsy', 'Andy', 'Andy', 'Polly', 'Beezy', 'Beezy', 'Andy', 'Cynthia', 'Betsy', 'Andy', 'Judge', 'Hardy', 'Andy', 'Judge', 'Hardy', 'Emily', 'Andy', 'Judge', 'Hardy', 'James', 'McMann', 'Jr', 'Mrs.', 'Hardy', 'Judge', 'Hardy', 'James', 'Andy', 'Betsy', 'Cynthia', 'Andy', 'Cynthia', 'Andy', 'Andy', 'Polly', 'Andy', 'Andy', 'Betsy', 'Polly', 'Betsy', 'Andy', 'Betsy', 'Andy', 'Polly', 'Betsy', 'Booth', 'Hardy', 'Mrs.', 'Hardy', 'Betsy', 'Polly', 'Polly', 'Hardy', 'Polly', 'Betsy', 'Andy', 'Polly', 'Andy']",['Carvel'],"['weeks', 'One']","['the', 'evening', 'evening', 'morning', 'evening', 'evening', 'evening', 'evening']","['Betsy', 'Booth']","['Christmas', 'Eve', 'Christmas', 'Eve', 'Christmas', 'Christmas', 'Christmas', 'Eve', 'Christmas', 'Eve', 'Christmas', 'Eve', 'Christmas']","['the', 'next', 'three', 'a', 'week', '12', 'year-old', 'Day']",,,"['$', '12', '$', '8', '$', '8', 'plus', '50', 'cents', '$', '8']",
26728732,,"['Michael', 'Cardiff']",,['one'],,['Cardiff'],,,,,,
8289010,,,,['one'],,,,,,,,
902894,,"['Ellen', 'Bruce', 'Scotty', 'Shelly', 'Bruce', 'Ellen', 'Ellen', 'Bruce', 'Bruce', 'Ellen', 'Bruce', 'Bruce', 'Ellen', 'Bruce', 'Scotty', 'Bruce', 'Shelly', 'Scotty', 'Ellen', 'Scotty', 'Ellen', 'Bruce', 'Shelly', 'Bruce', 'Ellen', 'Ellen', 'Ellen', 'Bruce', 'Ellen', 'Bruce', 'Bruce', 'Scotty', 'Ellen', 'Scotty', 'Bruce', 'Ellen', 'Bruce', 'Ellen', 'Bruce', 'Bruce', 'Bruce', 'Ellen', 'Ellen', 'Bruce', 'Ellen', 'Ellen']",,"['Two', 'four']",,['Indians'],,,,,,
4329971,['once'],"['Myra', 'Deauville', 'Roy', 'Cronin', 'Myra', 'Myra', 'gains', 'Roy', 'Myra', 'Roy', 'Mrs.', 'Hobley', 'Myra', 'Kitty', 'Myra', 'Myra', 'Roy', 'Roy', 'brings', 'Myra', 'Mary', 'Janet', 'Myra', 'Mary', 'Mary', 'Myra', 'Roy', 'Myra', 'Roy', 'Myra', 'Mrs.', 'Hobley', 'Myra', 'Roy', 'Myra', 'Roy', 'Myra', 'Myra']","['London', 'American', 'Waterloo', 'Bridge', 'London', 'France', 'Roy', 'Waterloo', 'Bridge']",,"['morning', 'night', 'morning']","['Canadian', 'Army']","['World', 'War', 'American']",,,,,
45481,"['2022', '2015', 'to', '2019', 'the', 'days', 'once', 'now']","['Robert', 'Thorn', 'Solomon', 'Roth', 'William', 'R.', 'Simonson', 'Thorn', 'Shirl', 'Simonson', 'Shirl', 'Simonson', 'Roth', 'Simonson', 'Thorn', 'Simonson', 'Thorn', 'Martha', 'Roth', 'Shirl', 'Simonson', 'Simonson', 'Simonson', 'Joseph', 'Santini', 'Simonson', 'Thorn', 'Simonson', 'Thorn', 'Thorn', 'Roth', 'Roth', 'Thorn', 'Roth', 'Thorn', 'Thorn', 'Shirl', 'Hatcher', 'Thorn', 'Thorn', 'Hatcher']","['New', 'York', 'City', 'Soylent', 'Green']","['40', 'million']",,"['Soylent', 'Corporation', 'Soylent', 'Green', 'New', 'York', 'City', 'Police', 'Department', 'Soylent', 'Corporation', 'Catholic', 'Soylent', 'Corporation', 'Soylent', 'Green', 'Soylent', 'Soylent', 'Green']",,,,['first'],,
2061037,"['the', 'fall']","['Joe', 'Sullivan', 'Pat', 'Joe', 'Pat', 'Rick', 'Coyle', 'Joe', 'Joe', 'Rick', 'Rick', 'Joe', 'Pat', 'Joe', 'Ann', 'Marsha', 'Hunt', 'Joe', 'Ann', 'Joe', 'Ann', 'Joe', 'Pat', 'Pat', 'Rick', 'Ann', 'Rick', 'Joe', 'Pat', 'Joe', 'Ann', 'Pat', 'Joe', 'Pat', 'Joe', 'Joe', 'Ann', 'Joe', 'Ann', 'Rick', 'Joe', 'Rick', 'Joe', 'Rick', 'Joe', 'Rick', 'Joe', 'Joe', 'Rick', 'Joe', 'Rick', 'Joe', 'Anne', 'Pat']",['Ann'],,,,,,,,"['$', '50,000']",
19411089,,"['Porky', 'Spike']",,"['one', '|', '|']",,"['Alfalfa', 'NY', 'Times']",,,,,,
5153086,['now'],"['Thomas', 'Knowlton', 'T.', 'J.', 'Toler', 'Toler', 'Knowlton', 'Walters', 'Joan', 'Standish', 'Joan', 'Toler', 'Toler', 'Toler', 'Joan', 'Herbert', 'Standish', 'Joan', 'Joan', 'Toler', 'Toler', 'Toler', 'Toler', 'Joan', 'Toler', 'Joan', 'Joan', 'Toler', 'Toler', 'Toler', 'Toler', 'Toler']",['Adriatic'],"['one', 'Eight']",,"['United', 'States', 'Navy', 'Knowlton', 'Knowlton', 'Knowlton', 'Knowlton', 'Knowlton', 'Navy', 'Knowlton', 'Knowlton', 'Knowlton']","['AL-14', 'German', 'Germans', 'German', 'AL-14']",,,['second'],,
7144866,,"['Myron', 'Betty', 'Boop', 'Betty']",,,,,,,,,,
10299365,,"['Irene', 'Bordoni', 'Vivienne', 'Rolland', 'Andrew', 'Sabbot', 'Andrew', 'Cora', 'Jack', 'Buchanan', 'Guy', 'Pennell', 'Vivienne']","['Parisian', 'Massachusetts']",,,,,,,,,
2285254,,"['Lily', 'Powers', 'Friedrich', 'Nietzsche', 'Lily', 'Chico', 'Lily', 'Lily', 'Lily', 'Jimmy', 'McCoy', 'Jr.', 'Brody', 'Ned', 'Stevens', 'Donald', 'Cook', 'Ann', 'Carter', 'J.R.', 'Carter', 'Ann', 'Ned', 'Chico', 'Ned', 'Courtland', 'Trenholm', 'Courtland', 'Courtland', 'Lily', 'Lily', 'Courtland', 'Courtland']","['Erie', 'Pennsylvania', 'New', 'York', 'City', 'Gotham', 'Trust', 'St.', 'Louis', 'Blues', 'Paris', 'Paris', 'Europe']","['14', 'two']",,"['Gotham', 'Trust', 'J.R.', 'J.R.', 'Lily']","['African', 'American']",,,"['second', 'First', 'first']","['$', '15,000']",
5135802,,"['Clara', 'Wood', 'Miss', 'Hattie', 'Clara', 'Judd', 'Clara', 'Judd', 'Judd', 'Faye', 'Roy', 'William', 'Finley', 'Angie', 'Angie', 'Faye', 'Roy', 'Harvey', 'Wood', 'Libby', 'Harvey', 'Roy', 'Judd', 'Angie', 'Faye', 'Judd', 'Angie', 'Judd', 'Faye', 'Martin', 'Harvey', 'Libby', 'Miss', 'Hattie', 'Harvey', 'Libby', 'Angie', 'Judd', 'Martin', 'Libby', 'Martin', 'Lynette', 'Judd', 'Angie', 'Judd', 'Lynette', 'Judd', 'Libby', 'Judd', 'Angie', 'Faye', 'Judd', 'Faye', 'Libby', 'Angie', 'Judd', 'Faye', 'Angie', 'Faye', 'Judd']","['Clara', 'Clara']",,,['Libby'],['Nile'],,,,,
6736424,,"['Ted', 'Healy', 'Healy']",,,,,,"['the', 'Happy', 'Hour']",,,,
14888486,"['the', 'day']","['Ambrose', 'Wolfinger', 'Malloy', 'Malloy', 'Ambrose', 'Leona', 'Hope', 'Claude', 'Cordelia', 'Ambrose', 'Ambrose', 'Ambrose', 'Malloy', 'Cordelia', 'Malloy', 'Ambrose', 'Ambrose', 'Mr.', 'Peabody', 'Ambrose', 'Ambrose', 'Cordelia', 'Leona', 'Cordelia', 'Ambrose', 'Ambrose', 'Claude', 'Ambrose', 'Malloy', 'Ambrose', 'Wolfinger', 'Ambrose', 'Ambrose', 'Leona', 'Ambrose', 'Claude', 'Ambrose', 'Leona', 'Claude', 'Cordelia']",['Wabash'],"['two', 'one', 'one', 'weeks']","['night', 'the', 'afternoon']","['Peabody', 'Peabody']",,"['The', 'next', 'day', 'day', 'day', 'four']",,,,
6169073,,"['Otto', 'Phocus', 'Phocus', 'Spanky', 'Phocus', 'Spanky', 'Phocus', 'Phocus']",,['one'],,['Spanky'],"['Hey', 'Pop']",,,,,
315035,"['summer', 'in', '1935', 'now', 'the', 'summer', 'March', 'autumn', 'the', '1970s', 'now', 'now']","['Niles', 'Holland', 'Perry', 'Niles', 'Niles', 'Albert', 'Perry', 'Holland', 'Holland', 'Russell', 'Grandmother', 'Ada', 'Niles', 'Russell', 'Mrs.', 'Rowe', 'Russell', 'Niles', 'Niles', 'Niles', 'Mrs.', 'Rowe', 'Niles', 'Niles', 'Mrs.', 'Rowe', 'Niles', 'Niles', 'Niles', 'Niles', 'Niles', 'Niles', 'Holland', 'Niles', 'Torrie', 'Lindbergh', 'Niles', 'Niles', 'Niles', 'Niles', 'Niles', 'Mr.', 'Angelini', 'Niles', 'Niles', 'Niles', 'Niles', 'Holland', 'Winnie', 'Niles', 'Niles']","['Holland', 'Russian', 'Holland', 'Holland', 'Holland', 'Holland', 'Holland', 'Holland', 'Holland', 'Holland']","['one', 'one']",['night'],"['Holland', 'Ada', 'Ada', 'Holland', 'Ada', 'Holland', 'Ada', 'Ada', 'Ada', 'Ada', 'CBS']",['Better'],['Day'],,,,
6059070,,"['Stan', 'Ollie']","['Pottsville', 'Pennsylvania']",,,,,,,,,
8119585,"['the', 'summer', 'Now', 'now']","['Norah', 'Benson', 'Joel', 'Delaney', 'Norah', 'Dr.', 'Erika', 'Lorenz', 'Joel', 'Sherry', 'Joel', 'Norah', 'Norah', 'Joel', 'Joel', 'Carrie', 'Peter', 'Norah', 'Mr.', 'P', 'rez', 'Ted', 'Joel', 'Joel', 'Joel', 'Joel', 'Dr.', 'Lorenz', 'Erika', 'Joel', 'Joel', 'Sherry', 'Joel', 'Sherry', 'Norah', 'Norah', 'Sherry', 'Veronica', 'Joel', 'Sherry', 'Sherry', 'Norah', 'Sherry', 'Brady', 'Joel', 'Joel', 'Norah', 'Veronica', 'Veronica', 'Don', 'Pedro', 'Santer', 'Joel', 'Joel', 'Tonio', 'Tonio', 'Joel', 'Mrs.', 'P', 'Norah', 'Tonio', 'Don', 'Pedro', 'Joel', 'Joel', 'Erika', 'Erika', 'Joel', 'Erika', 'Joel', 'Erika', 'Joel', 'Joel', 'Carrie', 'Benson', 'Norah', 'Joel', 'Joel']","['Manhattan', 'Tangiers', 'Spanish', 'Harlem', 'Bellevue', 'Hospital', 'Bellevue', 'EEast', 'Village', 'Spanish', 'Puerto', 'Rican', 'Spanish', 'Harlem', 'Spanish', 'Harlem']","['one', 'three', 'one', 'three', 'one']",,"['Norah', 'Tonio', 'P', 'rez', 'Tonio', 'P', 'Norah', 'Tonio', 'Norah']","['Puerto', 'Rican', 'Norah', 'Hispanic', 'Norah', 'Spanish-speaking', 'Norah', 'Norah']","['Two', 'days', 'The', 'next', 'day']",['daily'],,,
27421749,"['Minutes', 'later', 'several', 'years', 'ago', 'minutes', 'later']","['Mark', 'Higbie', 'Higbie', 'Higbie', 'Lieutenant', 'Conti', 'Valerie', 'Steffan', 'Conti', 'Lockwood', 'Leigh', 'Laura', 'Leigh', 'Higbie', 'Higbie', 'Leigh', 'Laura', 'Higbie', 'Higbie', 'Laura', 'Leigh', 'Laura', 'Leigh', 'Higbie', 'Laura', 'Laura', 'Valerie', 'Leigh', 'Valerie', 'Laura', 'Valerie', 'Leigh', 'Olga', 'Valerie', 'Leigh', 'Leigh', 'Valerie', 'Leigh', 'Valerie', 'Leigh', 'Olga', 'Laura', 'Laura', 'Laura', 'Valerie', 'Leigh', 'Olga', 'Valerie', 'Olga', 'Higbie', 'Leigh', 'Valerie', 'Higbie', 'Leigh', 'Higbie', 'Valerie']","['Los', 'Angeles', 'German', 'Lockwoods', 'Valerie']","['years', 'one', 'one', 'one', 'one', 'one', 'one', 'two', 'one']",,,"['Indian', 'Indian']","['the', 'past', 'four']",,,,
35250270,,"['Oswald', 'Oswald', 'Oswald', 'Oswald', 'Oswald', 'Oswald', 'Oswald', 'Oswald']",,,,,,"['a', 'few', 'minutes', 'several', 'minutes']",,,,
18939796,['Once'],"['Dickie', 'Dorothy', 'George', 'George', 'George', 'George', 'George', 'Uncle', 'George', 'Dorothy', 'George', 'George', 'George', 'Bumbo', 'Dickie', 'George', 'George', 'George']","['Borneo', 'Borneo', 'Borneo', 'Borneo']","['!!!', 'three']",,,"['Wild', 'Man', 'Wild', 'Man', 'Wild', 'Man', 'Rascals', 'Wild', 'Man', 'Wild', 'Man', 'Wild', 'Man', 'Roman', 'Wild', 'Man']",['seven-year-old'],,['2nd'],,
10016997,,"['Hank', 'Horsefly', 'Porky', 'Hank', 'Dobbin', 'Dobbin', 'Hank', 'Dobbin', 'Mr.', 'Viper', 'Hank']",,,,['Snake'],,,,,"['$', '40,000']",
74381,['current'],"['Dr.', 'Bock', 'Dr.', 'Bock', 'Barbara', 'Drummond', 'Dr.', 'Bock', 'Barbara', 'Barbara', 'Drummond', 'Dr.', 'Bock', 'Barbara', 'Drummond', 'Barbara', 'Dr.', 'Bock']","['Manhattan', 'Mexico', 'JFK', 'airport', 'Mexico', 'New', 'York']",['two'],,"['Metropolitan', 'Hospital', 'Center']","['Chief', 'of', 'Medicine']",,,,,
307158,"['Once', 'once', 'now']","['Roxy', 'Robinson', 'Fat', 'Sam', 'Bugsy', 'Malone', 'Sam', 'Fat', 'Sam', 'Dandy', 'Dan', 'Blousey', 'Brown', 'Sam', 'Blousey', 'Fat', 'Sam', 'Dandy', 'Dan', 'Dandy', 'Dan', 'Sam', 'Sam', 'Sam', 'Sam', 'Dandy', 'Dan', 'Sam', 'Sam', 'Tallulah', 'Blousey', 'Tallulah', 'Blousey', 'Blousey', 'Sam', 'Sam', 'Sam', 'Fat', 'Sam', 'Blousey', 'Sam', 'Leroy', 'Smith', 'Bugsy', 'Leroy', 'Cagey', 'Joe', 'Sam', 'Sam', 'Blousey', 'Sam', 'Blousey', 'Leroy', 'Dandy', 'Dan', 'Sam', 'Dandy', 'Dan', 'Razmataz']","['Hollywood', 'Hollywood', 'Hollywood']","['one', 'two']",,"['Dandy', 'Dan', 'Blousey']",,,,,"['$', '200']",
26334230,,,,,,"['Fed', 'FBI', 'FBI']",,,,,,
5674771,,"['Tex', 'Riley', 'Hartley']",['Tucson'],,,"['Cattlemen', ""'s"", 'Association', 'Stony']",,,,,,
3887641,,['Andromeda'],"['US', 'Piedmont', 'New', 'Mexico', 'Nevada']","['two', 'one']",,"['Wildfire', 'Complex']",,"['sixty-two-year-old', 'a', 'couple', 'of', 'days']",,['first'],,
3093642,"['now', 'now', 'once', 'Once', 'once', 'Once', 'once', 'years', 'ago', 'now']","['Wilby', 'Daniels', 'Betty', 'Brian', 'Wilby', 'John', 'Slade', 'Edward', 'Roshak', 'Wilby', 'Daniels', 'Borgia', 'Tim', 'Elwood', 'Katrinka', 'Wilby', 'Borgia', 'Wilby', 'Tim', 'Elwood', 'Wilby', 'Brian', 'Tim', 'Wilby', 'Wilby', 'Katrinka', 'Wilby', 'Betty', 'Tim', 'Wilby', 'Tim', 'Wilby', 'Elwood', 'Tim', 'Wilby', 'John', 'Slade', 'Wilby', 'Katrinka', 'John', 'Slade', 'Katrinka', 'Wilby', 'Elwood', 'Slade', 'Slade', 'Wilby', 'Slade', 'Wilby', 'Wilby', 'Slade', 'Slade', 'Slade', 'Wilby', 'Daniels', 'Wilby', 'Wilby', 'Slade', 'Wilby', 'Tim', 'Brian', 'Wilby', 'John', 'Slade', 'Wilby', 'Tim', 'trick', 'Slade', 'Wilby', 'Slade', 'John', 'Slade', 'Wilby', 'Slade', 'Tim', 'Katrinka', 'Wilby']","['Medfield', 'Roshak']","['two', 'two', 'two']","['time', 'later', 'that', 'night']",['Elwood'],"['Old', 'English', 'Sheepdog']","['a', 'second']",,['first'],,
3645005,['currently'],"['Philippe', 'Douvier', 'Douvier', 'Guy', 'Algo', 'Jacques', 'Clouseau', 'Mr.', 'Chong', 'Douvier', 'Claude', 'Rousseau', 'Rousseau', 'Douvier', 'Charles', 'Dreyfus', 'Rousseau', 'Claude', 'Rousseau', 'Douvier', 'Simone', 'LeGree', 'Simone', 'Douvier', 'Simone', 'Simone', 'Douvier', 'Simone', 'Simone', 'Simone', 'Douvier', 'Simone', 'Simone', 'Julio', 'Scallini', 'Simone', 'Douvier', 'Scallini', 'Simone', 'Scallini', 'Douvier', 'Clouseau', 'Simone']","['New', 'York', 'Chinese', 'Cato', 'Cato', 'Cato', 'New', 'York', 'Hong', 'Kong', 'Cato', 'Paris', 'Hong', 'Kong', 'Hong', 'Kong', 'France']",['two'],"['night', 'evening']","['Clouseau', 'Clouseau', 'Clouseau', 'Douvier', 'Clouseau', 'Dreyfus', 'Dreyfus', 'Clouseau', 'Dreyfus', 'Clouseau', 'Clouseau', 'Clouseau', 'Clouseau', 'Dreyfus', 'Clouseau', 'Dreyfus', 'Clouseau', 'Dreyfus', 'Le', 'Club', 'Phut', 'Clouseau', 'Cato', 'Clouseau', 'Simone', 'Clouseau', 'Clouseau', 'Clouseau', 'Dreyfus', 'Dreyfus', 'Clouseau', 'of', 'Douvier', 'Clouseau', 'Dreyfus', 'Clouseau', 'Clouseau', 'Dreyfus', 'Clouseau', 'Dreyfus', 'Scallini']","['French', 'French']",,,['first'],,
9822793,['recently'],"['Paul', 'Kersey', 'Joanna', 'Paul', 'Joanna', 'Carol', 'Anne', 'Joanna', 'Carol', 'Joanna', 'Paul', 'Jack', 'Toby', 'Joanna', 'Carol', 'Paul', 'Paul', 'Paul', 'Ames', 'Jainchill', 'Paul', 'Paul', 'Paul', 'Paul', 'Paul', 'Paul', 'Ames', 'Paul', 'Paul', 'Ames', 'Paul', 'Thomas', 'Leroy', 'Marston', 'Paul', 'Paul', 'Paul', 'Paul', 'Paul', 'Paul', 'Paul', 'Frank', 'Ochoa', 'Ochoa', 'Paul', 'Ochoa', 'Ochoa', 'Paul', 'Ochoa', 'Paul', 'Paul', 'Paul']","['Hawaii', 'New', 'York', 'City', 'Tucson', 'Arizona', 'Old', 'Tucson', 'Ames', 'Manhattan', 'New', 'York', 'Chicago', 'Union', 'Station']","['Three', '.32', '.38', '36', 'three', 'two', 'two', 'one', 'one', 'two']","['night', 'sundown']","['Smith', '&', 'Wesson', 'Model']","['Western', 'Korean', 'War']","['The', 'next', 'day']",,['third'],"['$', '7']",
1345521,,"['Mordecai', 'Callie', 'Travers', 'Jim', 'Duncan', 'Stacey', 'Bridges', 'Dan', 'Carlin', 'Cole', 'Carlin', 'Sarah', 'Belding', 'Lewis', 'Belding', 'Sheriff', 'Shaw', 'Carlin', 'Duncan', 'Shaw', 'Mordecai', 'Carlin', 'Mordecai', 'Mordecai', 'Duncan', 'Mordecai']","['Lago', 'Lago', 'Lago', 'Lago']","['Three', 'three', 'three', 'three', 'three', 'three', 'one', 'one']","['night', 'the', 'morning']","['Shaw', 'Belding']",,"['The', 'next', 'day', 'day', 'The', 'next', 'day']",,,,
12376020,,"['Kathleen', 'Cody']",,,,,,,,,,
32683495,,"['Ernie', 'Holley', 'Newt', 'Pearl']","['New', 'Orleans']",,['night'],,,,,,,
2038261,,"['Wong', 'Low', 'Get', 'Sun', 'Yat', 'Ming', 'Wong', 'Toya', 'San', 'Wong', 'Harry', 'En', 'Hai', 'Wong']",,['one'],,,,,,,,
8156833,,"['Horace', 'Vendig']",,,,,,,,,,
11517671,,['Elise'],,,,,,,,,,
9280038,['1922'],"['Van', 'Horne', 'Hayworth']","['Central', 'America']",,,,"['Roman', 'Catholic']",,,,,
1966863,,,"['Portland', 'Salem', 'Oregon', 'Salem', 'Salem']","['.1', '.1', '.1', '-1', '.1', 'two', 'one', 'two', 'two', '.1']",,,"['Cigaret', 'Holiness']",,,"['first', 'first']",,
24041290,['once'],"['Diane', 'Greg', 'Halstead', 'Greg', 'Greg', 'Greg', 'Diane', 'Greg', 'Scott', 'Cody', 'Greg', 'Greg', 'Greg', 'Cody', 'Diane', 'Greg', 'Cody', 'Greg', 'Diane']","['Dayton', 'Ohio']","['two', 'one']",,"['CIA', 'FBI', 'NTSB', 'FBI', 'CIA', 'ALPA', 'CIA']",,"['an', 'hour']",,,,
19388949,['spring'],"['Petey', 'Pete', 'Petey', 'Petey', 'Petey', 'Petey']",,,,,,,,,"['five', 'dollars']",
26211475,"['the', '20th', 'century', 'the', 'past', 'Now']","['Joseph', 'E.', 'Howard', 'Lulu', 'Madison', 'Joe', 'Katie', 'John', 'McCullem', 'Joe', 'Katie', 'Katie', 'Joe', 'Lulu', 'Lulu', 'Katie', 'Katie', 'Joe', 'Lulu', 'Lulu', 'Joe', 'Katie', 'Lulu', 'Joe', 'Lulu', 'Joe', 'Katie', 'Joe', 'Fritzi', 'Barrington', 'Fritzi', 'Joe', 'Joe', 'Fritzi', 'Fritzi', 'Martin', 'Webb', 'Joe', 'Katie', 'Fritzi', 'Katie', 'Joe', 'Katie', 'Pat', ""O'Dare"", 'Joe', 'Katie']","['Philadelphia', 'Kassel']",['One'],['evening'],,['Broadway'],,,,,
17828345,,,"['Los', 'Angeles']",['two'],,,,,,['first'],,
17467039,"['Once', 'now']","['Virgil', 'Tibbs', 'Tibbs', 'Tibbs', 'Tibbs', 'Juan', 'Juan', 'Tibbs', 'Tibbs', 'Tibbs', 'Tibbs', 'Tibbs', 'Tibbs']",,"['One', 'two', 'One', 'one', 'One', 'one', 'two']",,,,,,['first'],"['4', 'million', 'dollars', '$', '500,000']",
4265319,"['the', 'near', 'future', 'current', 'once']","['Kate', 'Kate', 'Kate', 'Serena', 'Joy', 'Serena', 'Joy', 'Kate', 'Nick', 'Kate', 'Nick', 'Kate', 'Nick', 'Kate', 'Nick', 'Nick']",['Canada'],['one'],,['Gilead'],"['Old', 'Testament']",,,,,"['99', '%']"
17156061,,"['Kentaro', 'Moto', 'Tchernov', 'Eleanor', 'Joyce', 'Moto', 'Chung', 'Tchernov', 'Chung', 'Chung', 'Tchernov', 'Moto', 'Joyce', 'Moto', 'Chung', 'Moto', 'Chung', 'Genghis', 'Khan', 'Pereira', 'Joyce', 'Tom', 'Nelson', 'Thomas', 'Beck', 'Pereira', 'Pereira', 'Pereira', 'Moto', 'Schneider', 'Moto', 'Schneider', 'Moto', 'Moto', 'Schneider', 'Madame', 'Tchernov', 'Ivan', 'Joyce', 'Herr', 'Koerger', 'Prince', 'Chung', 'Madame', 'Chung', 'Koerger', 'Nelson', 'Moto', 'Chung', 'Moto', 'Koerger', 'Schneider', 'Genghis', 'Khan', 'Madame', 'Tchernov', 'Koerger', 'Joyce', 'Koerger', 'Joyce', 'Nelson', 'Mr.', 'Moto', 'Chung']","['Gobi', 'Desert', 'American']","['seven', 'one', 'one', 'two']","['the', 'night']","['Peiping', 'Chungs', 'Moto', 'Chungs']","['Chinese', 'American']","['the', 'next', 'day']",,,,
11923262,"['once', 'now']","['Bill', 'Pullman', 'Dr.', 'Rex', 'Martin', 'Jim', 'Reston', 'Martin', 'John', 'Halsey', 'Dr.', 'Martin', 'Halsey', 'Martin', 'Halsey', 'Martin', 'Martin']",['Halsey'],,,,,,,,,
